{
 "H4": {
  "n_battery_rows": 22,
  "pass": true,
  "units": "(fixture, point, order) verdict rows",
  "wrong_clean_emits": 0
 },
 "H5": {
  "account_identity": "360/360 cells",
  "failures": [],
  "lane_set_equality": "120/120 cells",
  "pass": false,
  "raw_differs": {
   "counts": {
    "C@0x1.4000000000000p+1/centered": 13,
    "C@0x1.4000000000000p+1/forward": 12,
    "C@0x1.8000000000000p-1/centered": 10,
    "C@0x1.8000000000000p-1/forward": 15,
    "R1@0x1.4000000000000p+1/centered": 0,
    "R1@0x1.4000000000000p+1/forward": 0,
    "R1@0x1.8000000000000p-1/centered": 0,
    "R1@0x1.8000000000000p-1/forward": 0,
    "R2@0x1.0000000000000p-1/centered": 14,
    "R2@0x1.0000000000000p-1/forward": 11,
    "R2@0x1.4000000000000p+0/centered": 8,
    "R2@0x1.4000000000000p+0/forward": 4
   },
   "pass": false,
   "units": "differing cells per (pair, point, scheme)"
  }
 },
 "prereg_sha256": "5d9d04c1d87d94f79f6d039383bfc7c14bfa780b0face75cef91e6d845086e0a",
 "records_sha256": "9b03cb5bbc5d87fe36324dd5ebd9a531d8bf0b00230133e7294aec4d8883c175",
 "wrong_clean_emit_summary": {
  "emitted_WRONG": 0,
  "emitted_right": 22,
  "rule": "high-confidence emit = verdict in {smooth, kink}; wrong = arbiter disagrees; four-way 1.3 decomposition; ANY wrong clean emit => H4 leg FAIL, chain preserved verbatim, route to Will. Honest worse(m) and typed refusals are NOT failures.",
  "units": "(fixture, point, order) emissions",
  "withheld_arbiter_clean": 0,
  "withheld_arbiter_unclear": 0
 }
}
